opened,case,county,agency,uniformed-plainClothes,officersInjured,officersKilled,suspectsInjured,suspectsKilled,offense,officerEthnicity,suspectEthnicity,time,SLEDInvestigation,currentStatus
2018-01-03,31-18-0001,DORCHESTER,NORTH CHARLESTON PD,UNIFORMED,,,1,,ARMED ROBBERY,,,,,
2018-01-11,32-18-0005,LEXINGTON,LEXINGTON COUNTY SO,UNIFORMED,,,,1,TRAFFIC STOP,,,,,
2018-01-16,34-18-0011,YORK,YORK COUNTY SO / YORK PD,UNIFORMED,3,1,1,,DOMESTIC,,,,,
2018-01-21,34-18-0013,SPARTANBURG,LAURENS COUNTY SO,UNIFORMED,,,1,,STOLEN VEHICLE,,,,,
2018-01-24,34-18-0016,SPARTANBURG,GREER PD,UNIFORMED,1,,1,,SUSPICIOUS VEHICLE,,,,,
2018-02-15,34-18-0029,ANDERSON,ANDERSON COUNTY SO,UNIFORMED,,,1,,TRAFFIC STOP,,,,,
2018-02-27,32-18-0022,CHESTER,CHESTER COUNTY SO / CHESTER PD,UNIFORMED,,,,1,STOLEN VEHICLE,,,,,
2018-03-02,31-18-0015,BERKELEY,BERKELEY COUNTY SO ,UNIFORMED,1,,1,,DOMESTIC,,,,,
2018-03-15,32-18-0032,AIKEN,AIKEN COUNTY SO,UNIFORMED,,,1,,MENTAL SUBJECT,,,,,
2018-03-19,34-18-0051,GREENVILLE,GREENVILLE COUNTY SO,UNIFORMED,,,,1,SUICIDAL SUBJECT,,,,,
2018-03-22,31-18-0022,BERKELEY,Berkeley County SO / USMS / Charleston PD,UNIFORMED,,,1,,TRAFFIC STOP,,,,,
2018-03-23,32-18-0033,KERSHAW,KERSHAW COUNTY SO,UNIFORMED,,,1,,B & E,,,,,
2018-03-24,33-18-0027,FLORENCE,FLORENCE PD,UNIFORMED,,,1,,TRAFFIC STOP,,,,,
2018-03-28,32-18-0035,LEXINGTON,LEXINGTON COUNTY SO,UNIFORMED,,,,1,VEHICLE CHASE,,,,,
2018-05-07,32-18-0050,EDGEFIELD,EDGEFIELD COUNTY SO / EDGEFIELD PD,UNIFORMED,,,1,,SHOOTING COMPLAINT,,,,,
2018-05-17,31-18-0043,ORANGEBURG,U.S. Marshall Service / Lexington County SO,UNIFORMED,,,,,WARRANT SERVICE,,,,,
2018-05-20,34-18-0084,SPARTANBURG,SPARTANBURG COUNTY SO,UNIFORMED,,,1,,DISTURBANCE,,,,,
2018-06-13,31-18-0053,HAMPTON,Hampton County SO / Varnville PD,UNIFORMED,2,,,,WARRANT SERVICE,,,,,
2018-07-14,33-18-0068,FLORENCE,FLORENCE PD,UNIFORMED,,,,1,ARMED SUBJECT,,,,,
2018-07-18,34-18-0110,SPARTANBURG,SPARTANBURG COUNTY SO,UNIFORMED,,,1,,WARRANT SERVICE,,,,,
2018-07-20,31-18-0060,DORCHESTER,SUMMERVILLE PD,UNIFORMED,1,,2,,SUSPICIOUS VEHICLE,,,,,
2018-08-04,31-18-0063,CHARLESTON,CHARLESTON COUNTY SO,UNIFORMED,,,1,,TRAFFIC STOP,,,,,
2018-08-15,33-18-0086,DILLON,DNR,PC,1,,1,,SUSPICIOUS VEHICLE,,,,,
2018-08-24,34-18-0129,SPARTANBURG,SPARTANBURG COUNTY SO,UNIFORMED,,,,1,DOMESTIC,,,,,
2018-08-26,34-18-0130,CHEROKEE,CHEROKEE COUNTY SO,UNIFORMED,,,,1,911 CALL,,,,,
2018-08-28,31-18-0078,HAMPTON,HAMPTON COUNTY SO,UNIFORMED,1,,,,DOMESTIC,,,,,
2018-09-03,33-18-0094,MARLBORO,CLIO PD,UNIFORMED,,,1,,B & E,,,,,
2018-09-21,32-18-0106,AIKEN,AIKEN DPS / Aiken County SO / SLED,UNIFORMED,,,,,SHOTS FIRED,,,,,
2018-09-22,31-18-0090,ORANGEBURG,ORANGEBURG DPS,UNIFORMED,,,,,STOLEN VEHICLE,,,,,
2018-09-28,31-18-0094,CHARLESTON,CHARLESTON COUNTY SO,UNIFORMED,,,,1,DOMESTIC,,,,,
2018-10-03,none,FLORENCE,FLORENCE PD / FLORENCE SO,UNIFORMED,5,2,2,,WARRANT SERVICE,,,,,
2018-10-20,33-18-0106,DARLINGTON,DARLINGTON COUNTY SO,UNIFORMED,,,,1,WELFARE CHECK,,,,,
2018-11-05,34-18-0176,SPARTANBURG,SPARTANBURG COUNTY SO,UNIFORMED,,,,1,DISTURBANCE,,,,,
2018-11-10,34-18-0183,SPARTANBURG,WOODRUFF PD,UNIFORMED,2,,1,,TRAFFIC STOP,,,,,
2018-11-14,34-18-0184,SPARTANBURG,SPARTANBURG PD,UNIFORMED,,,,1,ASSAULT,,,,,
2018-11-23,31-18-0111,JASPER,JASPER COUNTY SO,UNIFORMED,1,,,1,DOMESTIC,,,,,
2018-12-06,34-18-0197,ANDERSON,ANDERSON COUNTY SO,UNIFORMED,,,1,,WELFARE CHECK,,,,,
2018-12-06,33-18-0123,FLORENCE,FLORENCE COUNTY SO,UNIFORMED,,,1,,ALTERCATION,,,,,
2018-12-07,34-18-0198,SPARTANBURG,Spartanburg County SO / Duncan PD / Lyman PD,UNIFORMED,,,1,,ARMED ROBBERY,,,,,
2018-12-13,34-18-0203,SPARTANBURG,SPARTANBURG COUNTY SO,UNIFORMED,,,,1,TRAFFIC STOP,,,,,
2018-12-15,33-18-0126,FLORENCE,FLORENCE PD,UNIFORMED,,,,,ARMED ROBBERY,,,,,
2018-12-17,33-18-0127,DARLINGTON,DARLINGTON COUNTY SO,UNIFORMED,,,,1,SUICIDAL SUBJECT,,,,,
2018-12-21,32-18-0142,LEXINGTON,LEXINGTON COUNTY SO,UNIFORMED,,,,1,SUICIDAL SUBJECT,,,,,
2017-01-03,,CHARLESTON,NORTH CHARLESTON PD,UNIFORMED,,,,,SHOTS FIRED,W,B,11:30 PM,YES,
2017-01-16,,JASPER,JASPER COUNTY SO,UNIFORMED,,,,,SUSPICIOUS VEHICLE,W,B,1:25 PM,YES,
2017-02-01,,CHARLESTON,SUMMERVILLE PD,UNIFORMED,1,,1,,TRAFFIC STOP,W,W,9:45 AM,YES,
2017-02-05,,LEXINGTON,CAYCE PD,UNIFORMED,,,1,,SHOTS FIRED,W,W,8:15 PM,YES,
2017-02-09,,GREENVILLE,FOUNTAIN INN PD,UNIFORMED,,,1,,DISTURBANCE,W,W,3:15 PM,YES,
2017-02-11,,GREENVILLE,GREENVILLE COUNTY SO,UNIFORMED,,,,1,SUSPICIOUS VEHICLE,W,W,2:00 AM,YES,
2017-02-11,,OCONEE,OCONEE COUNTY SO,UNIFORMED,,,1,,SWAT OPERATION,W,W,1:43 AM,YES,
2017-02-19,,NEWBERRY,NEWBERRY COUNTY SO,UNIFORMED,,,1,,DOMESTIC,W,W,11:30 AM,YES,
2017-02-22,,LAURENS,LAURENS COUNTY SO,UNIFORMED,,,,,B & E,B,W,11:55 AM,YES,
2017-02-22,,LEXINGTON,LEXINGTON COUNTY SO,PC,1,,1,,WARRANT SERVICE,W,B,4:00 PM,YES,
2017-03-04,,GREENVILLE,GREENVILLE COUNTY SO,UNIFORMED,,,,1,DOMESTIC,LW,W,2:00 AM,YES,
2017-03-06,,AIKEN,AIKEN COUNTY SO,UNIFORMED,1,,1,,SUSPICIOUS VEHICLE,BW,B,3:00 PM,YES,
2017-04-03,,ANDERSON,PENDLETON PD,UNIFORMED,,,,1,DOMESTIC,W,L,7:00 PM,YES,
2017-04-06,,CHARLESTON,CHARLESTON PD,UNIFORMED,,,,,ARMED ROBBERY,B,W,4:00 PM,YES,
2017-04-20,,JASPER,JASPAR COUNTY SO,UNIFORMED,2,,,1,DOMESTIC,BW,L,6:40 PM,YES,
2017-04-22,,BERKELY,HANAHAN PD,UNIFORMED,,,,1,SUICIDAL SUBJECT,W ,W,3:07 AM,YES,
2017-04-26,,LEXINGTON,COLUMBIA PD,UNIFORMED,,,1,,ARMED SUBJECT,BW ,W,12:22 PM,YES,
2017-04-27,,LEXINGTON,LEXINGTON MEDICAL CENTER PD,UNIFORMED,1,,,,WARRANT SERVICE,W ,W,7:45 AM,YES,
2017-05-02,,ANDERSON,ANDERSON COUNTY SO,UNIFORMED,,,1,,TRAFFIC STOP,W ,W,1:30 PM,YES,
2017-05-09,,LEXINGTON,LEXINGTON COUNTY SO,UNIFORMED,,,,1,WARRANT SERVICE,W ,W,8:30 AM,YES,
2017-05-13,,DARLINGTON,DARLINGTON COUNTY SO,UNIFORMED,1,,,,PRISONER ESCAPE,W ,B,10:30 PM,YES,
2017-05-27,,RICHLAND,CAYCE PD,UNIFORMED,2,,1,,TRAFFIC STOP,W ,B,12:35 AM,YES,
2017-05-31,,NEWBERRY,NEWBERRY PD,UNIFORMED,,,1,,MAN WITH A GUN,W ,W,12:10 AM,YES,
2017-06-07,,ANDERSON,ANDERSON COUNTY SO,UNIFORMED,,,1,,B & E,W ,W,7:00 PM,YES,
2017-06-10,,LAURENS,LAURENS PD,UNIFORMED,1,,,,TRAFFIC STOP,W ,B,12:10 AM,YES,
2017-06-26,,CHARLESTON,NORTH CHARLESTON PD,UNIFORMED,,,,1,ARMED ROBBERY,W ,B,11:30 PM,YES,
2017-07-12,,DILLON,DILLON COUNTY SO,UNIFORMED,,,,1,DOMESTIC,W ,W,1:00 PM,YES,
2017-07-14,,GREENVILLE,GREENVILLE COUNTY SO,UNIFORMED,,,,1,SHOTS FIRED,W ,L,4:30 PM,YES,
2017-07-21,,MARION,MARION COUNTY SO,UNIFORMED,,,,,HOME INVASION,W ,B,7:00 AM,NO,
2017-07-26,,COLLETON,COLLETON COUNTY SO,UNIFORMED,,,,,SUSPICIOUS VEHICLE,W ,,11:40 PM,YES,
2017-08-04,,HORRY,MYRTLE BEACH PD,UNIFORMED,,,,1,SUICIDAL SUBJECT,W ,W,12:00 AM,NO,
2017-08-24,,CHARLESTON,CHARLESTON PD,UNIFORMED,,,,1,ACTIVE SHOOTER,W,B,3:00 PM,YES,
2017-08-25,,DORCHESTER,DORCHESTER COUNTY SO,UNIFORMED,,,1,,WARRANT SERVICE,W,B,3:35 PM,YES,
2017-09-02,,BEAUFORT,FOUNTAIN INN PD,UNIFORMED,,,,,SUSPICIOUS PERSON,WB,B,1:40 AM,YES,
2017-09-03,,HORRY,MYRTLE BEACH PD,UNIFORMED,1,,,1,DISTURBANCE/FIGHT,W,B,11:30 PM,YES,
2017-09-11,,LEXINGTON,LEXINGTON COUNTY SO,UNIFORMED,,,,,SUSPICIOUS PERSON,W,B,4:20 PM,YES,
2017-09-15,,HORRY,MYRTLE BEACH PD,UNIFORMED,,,,1,SUSPICIOUS PERSON,W,W,12:30 AM,YES,
2017-09-28,,ALLENDALE,ALLENDALE PD,UNIFORMED,,,1,,TRAFFIC STOP,B,B,11:50 AM,YES,
2017-10-16,,GREENVILLE,GREENVILLE COUNTY SO,UNIFORMED,,,,1,ALARM CALL/HOME INVASION,W,W,4:45 PM,YES,
2017-10-19,,YORK *,YORK COUNTY SO / CLOVER PD,BOTH,1,,,1,VEHICLE CHASE,BW,W,8:30 AM,YES,
2017-11-19,,GREENVILLE,GREENVILLE COUNTY SO,UNIFORMED,,,,1,VEHICLE CHASE,W,W,7:00 PM,YES,
2017-11-23,,SPARTANBURG,SPARTANBURG PD,UNIFORMED,,,1,,SUSPICIOUS VEHICLE,W,B,2:10 AM,YES,
2017-11-23,,YORK,ROCK HILL PD,UNIFORMED,,,1,,ARMED SUBJECT,BW,W,4:00 PM,YES,
2017-11-25,,SUMTER,SUMTER PD,UNIFORMED,,,1,,ARMED ROBBERY,B,B,8:00 PM,YES,
2017-11-26,,LEE,LEE COUNTY SO,UNIFORMED,1,,1,,DOMESTIC,B,W,6:00 PM,YES,
2017-11-30,,McCORMICK,PARK RANGER,UNIFORMED,,,1,,SUSPICIOUS PERSON,W,W,8:00 AM,YES,
2017-12-01,,YORK,YORK COUNTY SO ,UNIFORMED,,,,1,DOMESTIC,W ,W,4:00 AM,YES,
2017-12-19,,RICHLAND,SCDC,UNIFORMED,,,1,,ESCAPE ATTEMPT,B,W,10:00 AM,YES,
2017-12-30,,LEXINGTON,LEXINGTON COUNTY SO,UNIFORMED,,,,,HOME INVASION,W,B,6:40 AM,YES,
2016-01-01,,HAMPTON,ESTILL PD,UNIFORMED,1,,,,SUSPICIOUS PERSON,B,B,,,
2016-01-16,,ORANGEBURG,ORANGEBURG COUNTY SO,UNIFORMED,,,1,,DISTURBANCE/SHOTS FIRED,W,B,,,
2016-01-23,,RICHLAND,RICHLAND COUNTY SO,UNIFORMED,,,,,DOMESTIC,W,B,,,
2016-01-25,,RICHLAND,US MARSHALLS TASK FORCE,PLAIN (VEST),,,,1,WARRANT SERVICE,,B,,,
2016-01-27,,DILLON,DILLON COUNTY SO,UNIFORMED,,,,1,BREAK-IN,W ,W,,,
2016-02-26,,BERKELEY,BERKELEY COUNTY SO,UNIFORMED,1,,1,,SUSPICIOUS VEHICLE,B,B,,,
2016-03-08,,GREENVILLE,GREENVILLE COUNTY SO,UNIFORMED,1,,,,SUSPECT STEALING CALL,W,,,,
2016-03-14,,SPARTANBURG,WOODRUFF PD,PLAIN (VEST),1,,,,WARRANT SERVICE,B,B,,,
2016-03-18,,GREENVILLE,GREENVILLE PD,PLAIN (VEST),,1,,,GANG MEMBER CONFRONT,W,B,,,
2016-03-26,,HORRY,MYRTLE BEACH PD,UNIFORMED,,,,1,MAN WITH A GUN,W,W,,,
2016-03-29,,GREENVILLE,GREENVILLE COUNTY SO,UNIFORMED,,,,1,DISTURBANCE,W,W,,,
2016-04-05,,HORRY,MYRTLE BEACH PD,UNIFORMED,,,1,,SUSPICIOUS VEHICLE,W,L,,,
2016-04-21,,ORANGEBURG,Berkeley/Clarendon County SO,UNIFORMED,,,1,,DOMESTIC KIDNAPPING,W,W,,,
2016-05-02,,GREENVILLE,GREENVILLE COUNTY SO,UNIFORMED,,,,1,ARMED SUBJECT,W,B,,,
2016-05-13,,LEXINGTON,SALUDA COUNTY SO,PLAIN (VEST),1,,1,,WARRANT SERVICE,W,B,,,
2016-05-15,,COLLETON,COLLETON COUNTY SO,UNIFORMED,,,,,STOLEN EQUIPMENT,W,B,,,
2016-05-19,,RICHLAND,FOREST ACRES PD,UNIFORMED,,,1,,LOUD NOISE COMPLAINT,W,B,,,
2016-05-21,,CHESTERFIELD,SLED - S/A Aaron Rawl,UNIFORMED,,,,1,SWAT OPERATION,W,W,,,
2016-06-20,,HORRY,NORTH MYRTLE BEACH PD,UNIFORMED,1,,,,DOMESTIC,WL,B,,,
2016-06-20,,JASPER,JASPER CO SO/ HARDEEVILLE PD,UNIFORMED,1,,,1,ARMED ROBBERY,WB,B,,,
2016-06-23,,YORK,ROCK HILL PD,UNIFORMED,,,1,,TRAFFIC STOP,W,B,,,
2016-06-24,,HORRY,HORRY COUNTY PD,UNIFORMED,,,1,,SUSPICIOUS VEHICLE,W,W,,,
2016-06-26,,PICKENS,PICKENS COUNTY SO,UNIFORMED,,,1,,BREAK-IN,W,W,,,
2016-07-01,,SPARTANBURG,SPARTANBURG COUNTY SO,UNIFORMED,,,,1,WARRANT SERVICE,W,W,,,
2016-07-04,,CHARLESTON,NORTH CHARLESTON PD,UNIFORMED,1,,,1,DISTURBANCE,W,W,,,
2016-07-09,,BEAUFORT,BEAUFORT COUNTY SO,UNIFORMED,,,1,,SHOTS FIRED,W,B,,,
2016-08-01,,LEXINGTON,LEXINGTON COUNTY SO,UNIFORMED,1,,,1,SUSPICIOUS PERSON,W,W,,,
2016-08-02,,FLORENCE,LAKE CITY PD,UNIFORMED,,,,1,TRAFFIC STOP,BL,W,,,
2016-08-08,,RICHLAND,RICHLAND COUNTY SO,UNIFORMED,,,,1,DOMESTIC,W,W,,,
2016-08-09,,ANDERSON,ANDERSON COUNTY SO,UNIFORMED,,,,1,WARRANT SERVICE,W,W,,,
2016-08-26,,CHARLESTON,NORTH CHARLESTON PD,UNIFORMED,,,,1,SHOTS FIRED,W,L,,,
2016-09-18,,SUMTER,SUMTER PD / SUMTER COUNTY SO,UNIFORMED,,,,,TRAFFIC STOP,WB,B,,,
2016-09-30,,SPARTANBURG,GREENVILLE COUNTY SO,UNIFORMED,,,,1,ARMED ROBBERY,W,B,,,
2016-10-05,,BERKELEY,BERKELEY COUNTY SO,UNIFORMED,,,,1,DISTURBANCE,W,W,,,
2016-10-25,,GREENVILLE,GREENVILLE COUNTY SO,UNIFORMED,,,,1,WARRANT SERVICE,W,B,,,
2016-11-06,,AIKEN,AIKEN COUNTY SO,UNIFORMED,,,,1,THREATENING SOMEONE WITH GUN,B,W,,,
2016-11-27,,AIKEN,AIKEN COUNTY SO,UNIFORMED,,,1,,ARMED SUBJECT,W,W,,,
2016-11-29,,ANDERSON,ANDERSON COUNTY SO,UNIFORMED,1,,,1,TRAFFIC STOP,W,W,,,
2016-12-09,,BEAUFORT,BEAUFORT COUNTY SO,UNIFORMED,1,,1,,TRAFFIC STOP,WB,B,,,
2016-12-10,,SUMTER,SUMTER PD,UNIFORMED,,,,1,DOMESTIC,LW,B,,,
2016-12-28,,ALLENDALE,ALLENDALE PD,UNIFORMED,,,,,STOLEN VEHICLE,W,B,,,
2015-01-07,,RICHLAND,SCHP,UNIFORMED,,,,,VEHICLE PURSUIT,L,B,12:13 PM,,
2015-01-09,,CHARLESTON,NORTH CHARLESTON PD,UNIFORMED,,,,,STOLEN VEHICLE,W,B,6:31 AM,,
2015-01-20,,RICHLAND,MIDLANDS TECH,UNIFORMED,,,,,SUSPICIOUS VEHICLE,B,B,7:22 PM,,
2015-02-14,,LEXINGTON,SCHP,UNIFORMED,,,1,,TRAFFIC STOP,W,B,2:20 PM,,
2015-02-20,,LEE,BISHOPVILLE PD,UNIFORMED,1,,,,FORGERY AT BANK,W,W,4:44 PM,,
2015-02-28,,GREENVILLE,GREENVILLE CO SO,UNIFORMED,,,,1,STRONG ARMED ROBBERY,W,W,4:12 PM,,
2015-03-01,,DARLINGTON,DARLINGTON CO SO,UNIFORMED,,,1,,WARRANT SERVICE,W,W,2:32 AM,,
2015-03-25,,FLORENCE,FLORENCE CO SO,UNIFORMED,,,,1,MAN WITH A GUN,BW,B,1:02 AM,,
2015-03-31,,CHARLESTON,U.S. MARSHAL'S,UNIFORMED,,,,,WARRANT SERVICE,W,B,2:12 PM,,
2015-03-31,,LEXINGTON,WEST COLUMBIA PD,UNIFORMED,1,,,,WARRANT SERVICE,W,W,3:13 PM,,
2015-04-04,,CHARLESTON,NORTH CHARLESTON PD,UNIFORMED,,,,1,TRAFFIC STOP,W,B,10:59 AM,,
2015-04-09,,SPARTANBURG,SPARTANBURG CO SO,UNIFORMED,,,,1,WARRANT SERVICE,W,W,10:35 AM,,
2015-04-15,,SPARTANBURG,SPARTANBURG PD,UNIFORMED,,,,1,DOMESTIC,W,B,2:30 PM,,
2015-04-16,,HORRY,DRUG ENFORCEMENT UNIT,UNIFORMED,,,1,,WARRANT SERVICE,W,B,3:31 PM,,
2015-04-21,,LEXINGTON,LEXINGTON CO SO,UNIFORMED,,,,1,SUICIDAL SUBJECT,W,W,3:19 AM,,
2015-05-06,,COLLETON,COLLETON CO SO,UNIFORMED,,,1,,BANK ROBBERY,B,B,3:35 PM,,
2015-05-07,,CHARLESTON,CHARLESTON CO SO,UNIFORMED,,,1,,HOME INVASION,W,B,12:32 PM,,
2015-05-15,,BERKELEY,BERKELEY CO SO,UNIFORMED,1,,,,ARMED ROBBERY,W,B,4:17 AM,,
2015-05-20,,CHARLESTON,CHARLESTON CO SO,UNIFORMED,1,,,1,WARRANT SERVICE,W,W,10:23 PM,,
2015-05-21,,CHARLESTON,CHARLESTON PD,UNIFORMED,,,,1,NEGOTIATIONS,LW,B,2:50 PM,,
2015-05-27,,CHARLESTON,BERKELEY CO SO,UNIFORMED,,,,,STOLEN VEHICLE,BW,W,9:00 PM,,
2015-05-28,,LANCASTER,LANCASTER CO SO,UNIFORMED,,,,1,DOMESTIC,W,W,2:54 PM,,
2015-06-17,,BEAUFORT,BEAUFORT CO SO,UNIFORMED,1,,,,WARRANT SERVICE,W,B,7:13 AM,,
2015-07-08,,RICHLAND,IRMO PD,UNIFORMED,,,1,,DOMESTIC,W,W,2:57 AM,,
2015-07-14,,WILLIAMSBURG,KINGSTREE PD,UNIFORMED,,,,,VEHICLE PURSUIT,W,B,5:48 PM,,
2015-07-18,,SUMTER,SUMTER CO SO,UNIFORMED,,,1,,DOMESTIC,B,B,11:19 AM,,
2015-07-24,,HORRY,HORRY CO PD,UNIFORMED,,,,1,DOMESTIC,W,W,12:22 AM,,
2015-07-26,,OCONEE,SENECA PD,UNIFORMED,,,,1,NARCOTICS INVESTIGATION,W,W,9:31 PM,,
2015-07-27,,LEXINGTON,LEXINGTON CO SO,UNIFORMED,,,,1,DOMESTIC,W,W,5:45 PM,,
2015-08-01,,RICHLAND,COLUMBIA PD,UNIFORMED,,,1,,ARMED ROBBERY,W,B,2:08 AM,,
2015-08-08,,DORCHESTER,DORCHESTER CO SO,UNIFORMED,,,,1,VEHICLE PURSUIT,W,B,4:07 AM,,
2015-08-19,,SPARTANBURG,COWPENS PD,UNIFORMED,,,,,NARCOTICS INVESTIGATION,W,L,5:15 PM,,
2015-09-17,,GREENVILLE,GREENVILLE CO SO,UNIFORMED,1,,,,STOLEN VEHICLE,W,W,8:22 AM,,
2015-09-24,,HAMPTON,HAMPTON PD,UNIFORMED,,,1,,WARRANT SERVICE,B,B,2:00 AM,,
2015-09-30,,RICHLAND,FOREST ACRES PD,UNIFORMED,,1,,,SUSPICIOUS PERSON,W,B,8:34 AM,,
2015-10-07,,BEAUFORT,PORT ROYAL PD,UNIFORMED,1,,,,911 HANG UP CALL / OFF RESPONDED,WB,W,5:49 AM,,
2015-10-11,,GREENVILLE,GREENVILLE CO SO,UNIFORMED,1,,1,1,ALARM CALL,W,B,2:30 AM,,
2015-10-21,,YORK,ROCKHILL PD,UNIFORMED,,,,,SHOTS FIRED CALL,W,W,9:54 PM,,
2015-10-25,,CHESTERFIELD,CHESTERFIELD SO,UNIFORMED,,,,,SWAT CALL ACTIVE SHOOTER,W,B,9:26 PM,,
2015-11-05,,BERKELEY,BERKELEY CO SO,UNIFORMED,,,,1,SHOTS FIRED CALL,W,W,8:47 PM,,
2015-11-06,,LANCASTER,LANCASTER PD,UNIFORMED,,,1,,MENTAL SUBJECT/WELFARE CHECK,W,B,8:42 AM,,
2015-11-09,,SPARTANBURG,SPARTANBURG METH COL PD,UNIFORMED,1,,,1,VEHICLE B & E,W,B,11:28 PM,,
2015-11-10,,HORRY,HORRY CO PD,UNIFORMED,2,,1,,SHOPLIFTING,W,B,11:39 AM,,
2015-11-11,,AIKEN,AIKEN CO SO,UNIFORMED,,,,1,DOMESTIC,W,W,8:44 PM,,
2015-11-17,,LEXINGTON,CAYCE PD,UNIFORMED,2,,,1,SUSPICIOUS ACTIVITY,W,B,2:32 AM,,
2015-12-05,,RICHLAND,RICHLAND CO SO,UNIFORMED,,,1,,DOMESTIC,W,W,8:00 PM,,
2015-12-10,,GREENVILLE,GREENVILLE CO SO,UNIFORMED,1,,,1,Report of possible ARMED ROBBERY,W,B,3:29 AM,,
2015-12-10,,ANDERSON,ANDERSON CO SO,UNIFORMED,,,1,,ASSAULT,W,W,9:51 PM,,
2014-01-07,,YORK,CHARLOTTE/MECKLINBURG,,1, ,1, ,WARRANT SERVICE,W,B,,,Awaiting Trial
2014-01-09,,ANDERSON,ANDERSON CO,,, ,1, ,STOLEN VEHICLE,W,W,,,Awaiting Trial
2014-01-24,,CHEROKEE,SCHP/CHEROKEE CO SO,,,, ,1,VEHICLE CHASE,W,W,,,CLOSED
2014-01-27,,CHESTERFIELD,PPP,, ,,,1,MENTAL HEALTH TRANSPORT,W,I,,,CLOSED
2014-01-31,,WILLIAMSBURG,KINGSTREE PD,,,, ,1,MAN WITH A WEAPON CALL,B,B,,,CLOSED
2014-02-02,,GREENVILLE,GREENVILLE CO SO,, ,,1,,DOMESTIC,W,W,,,Solicitor's Office
2014-02-04,,SPARTANBURG,SPARTANBURG PD,, ,,1, ,NARCOTICS INVESTIGATION,B,W,,,CLOSED
2014-02-09,,EDGEFIELD,NORTH AUGUSTA DPS,, , , ,1,TRAFFIC STOP,W,B,,,Solicitor's Office
2014-02-25,,YORK,YORK CO SO,,,,1, ,TRAFFIC STOP,B,W,,,Solicitor's Office
2014-03-04,,SPARTANBURG,DUNCAN PD,, ,, ,1,ATTEMPTED THEFT,B,W,,,CLOSED
2014-03-06,,FLORENCE,FLORENCE CO SO,,,,2, ,TRAFFIC STOP,W,B,,,ACTIVE
2014-04-08,,YORK,YORK CO SO,, ,, ,1,SUICIDE THREAT,W,W,,,Solicitor's Office
2014-04-22,,RICHLAND,RICHLAND CO SO,, , ,1, ,NARCOTICS INVESTIGATION,W,B,,,Solicitor's Office
2014-04-24,,LANCASTER,LANCASTER CO SO,, ,, ,1,TRAFFIC STOP,W,W,,,ACTIVE
2014-04-28,,FLORENCE,FLORENCE CO SO,,1,,1, ,TRAFFIC STOP,B,B,,,CLOSED
2014-05-16,,YORK ,YORK PD,,1,, , ,ARMED ROBBERY,L,B,,,ACTIVE
2014-05-31,,CHARLESTON,CHARLESTON PD,,1,, ,,TRAFFIC STOP,W,B,,,ACTIVE
2014-06-01,,RICHLAND,COLUMBIA PD,,,,1, ,ROAD BLOCK,W,B,,,Solicitor's Office
2014-06-02,,GREENVILLE,GREENVILLE CO SO,,,,,1,MAN WITH A GUN,W,W,,,ACTIVE
2014-06-02,,AIKEN,AIKEN CO SO,,,, ,1,MENTAL HEALTH PATIENT,W,W,,,ACTIVE
2014-06-07,,CHARLESTON,NORTH CHARLESTON PD,, ,,, ,DOMESTIC,W,B,,,ACTIVE
2014-06-19,,HORRY,HORRY CO PD,,,, ,1,ARREST WARRANT SERVICE,W,W,,,ACTIVE
2014-06-22,,GREENVILLE,GREENVILLE CO SO,, ,,1, ,DOMESTIC,W,W,,,ACTIVE
2014-07-02,,CHARLESTON,NORTH CHARLESTON PD,,,,1,,MAN WITH A GUN,W,B,,,ACTIVE
2014-07-05,,GREENVILLE,GREENVILLE PD,,,,1, ,ROBBERY/HOSTAGE,W,W,,,ACTIVE
2014-07-12,,GEORGETOWN,GEORGETOWN CO SO,,,, ,1,SUICIDE THREAT,W,W,,,ACTIVE
2014-07-22,,DORCHESTER,SLED,,,,,1,FUGITIVE WARRANT,W,B,,,ACTIVE
2014-07-28,,FLORENCE,FLORENCE PD,, ,, ,1,ARMED ROBBERY,W,B,,,ACTIVE
2014-08-05,,RICHLAND,"RCSD, CPD, SLED",,1,,2, ,FUGITIVE WARRANT,BW,B,,,ACTIVE
2014-08-11,,ANDERSON,ANDERSON CO,,,,1,,MAN WITH A KNIFE,W,W,,,ACTIVE
2014-09-01,,GREENVILLE,GREENVILLE PD,,1,,,1,DOMESTIC,W,W,,,ACTIVE
2014-09-04,,RICHLAND,SCHP,,,,1,,TRAFFIC STOP,W,B,,,ACTIVE
2014-09-08,,CHARLESTON,CHARLESTON CO SO,,1,1,,1,WARRANT SERVICE,W,W,,,ACTIVE
2014-09-22,,LEXINGTON,LEXINGTON CO SO,,,,1,,BURGLARY,W,B,,,ACTIVE
2014-09-23,,BERKELEY,BERKELEY PD & SO,,,,,1,DOMESTIC,W,W,,,ACTIVE
2014-10-20,,(ORANGEBURG),(DEA *****),,1,, , ,NARCOTICS INVESTIGATION,,,,,
2014-10-24,,RICHLAND,COLUMBIA PD,,1,,1,,NARCOTICS INVESTIGATION,W,B,,,ACTIVE
2014-11-07,,UNION,UNION CO SO,,,,1,,SHOPLIFTING SUSPECT,W,W,,,ACTIVE
2014-12-01,,ANDERSON,ANDERSON CO SO,,,,,1,SUICIDE THREAT,W,W,,,
2014-12-05,,KERSHAW,,,,,,1,WARRANT SERVICE,W,W,,,
2014-12-30,,HORRY,MYRTLE BEACH PD,,,,,,STOLEN VEHICLE,W,B,,,
2014-12-30,,HORRY,HORRY CO PD,,,,,,,W,B,,,
2013-01-14,,GREENVILLE,GREENVILLE PD & SO,, , , ,1,ASSAULT,,,,,CLOSED
2013-02-11,,ANDERSON,ANDERSON SO,,, ,,1,SUICIDE CALL,,,,,CLOSED
2013-02-18,,RICHLAND,COLUMBIA PD,,,,1,,ARMED ROBBERY,,,,,UNDER PROS. REVIEW
2013-02-26,,RICHLAND,RICHLAND CO SO,,1,,,1,DOMESTIC,,,,,UNDER PROS. REVIEW
2013-03-06,,RICHLAND,SC DEPT. OF CORRECTIONS,,,,,,PRISONER TRANSPORT,,,,,CLOSED
2013-03-09,,HORRY,HORRY CO PD,, ,, ,,DOMESTIC,,,,,CLOSED
2013-03-03,,FLORENCE,SC HIGHWAY PATROL,, ,,, ,VEHICLE CHASE,,,,,CLOSED
2013-03-18,,SPARTANBURG,GREER PD,, , ,1, ,DOMESTIC,,,,,CLOSED
2013-03-19,,ORANGEBURG,ORANGEBURG SO,,,, ,1,DOMESTIC,,,,,CLOSED
2013-03-30,,CHARLESTON,CHARLESTON PD,,1,,1,,TRAFFIC STOP,,,,,AWAITING COURT
2013-03-30,,SUMTER CO,SUMTER CO SO,,,,1, ,ASSAULT,,,,,UNDER PROS. REVIEW
2013-04-10,,FLORENCE,FLORENCE PD,, ,,1,,BENCH WARRANT,,,,,CLOSED
2013-04-11,,AIKEN,AIKEN CO SO & ATF,, ,, ,,TRAFFIC STOP,,,,,CLOSED
2013-05-02,,ANDERSON,ANDERSON SO,,,,1, ,TRAFFIC STOP/STOLEN VEH,,,,,UNDER PROS. REVIEW
2013-05-25,,RICHLAND,COLUMBIA PD,,,,,1,DOMESTIC,,,,,CLOSED
2013-06-02,,GEORGETOWN,CHARLESTON SO,,,,1, ,TRAFFIC STOP,,,,,CLOSED
2013-06-14,,CALHOUN,CALHOUN CO SO,,,,1,,DOMESTIC,,,,,CLOSED
2013-06-18,,LEXINGTON,WEST COLUMBIA PD,,,,,1,DISORDERLY CONDUCT,,,,,UNDER PROS. REVIEW
2013-07-09,,LEXINGTON,CAYCE PS,,,,, ,DRUG INVESTIGATION,,,,,CLOSED
2013-07-11,,GREENWOOD,GREENWOOD CO SO,,,, ,,DRUG COMPLAINT,,,,,UNDER PROS. REVIEW
2013-07-18,,RICHLAND,RICHLAND CO SO,, ,,,1,ARMED ROBBERY,,,,,UNDER PROS. REVIEW
2013-07-22,,RICHLAND,RICHLAND CO SO,,,, ,1,ARMED ROBBERY,,,,,UNDER PROS. REVIEW
2013-07-25,,RICHLAND,COLUMBIA PD,,1,,1, ,DOMESTIC,,,,,UNDER PROS. REVIEW
2013-08-20,,BERKELEY,HANAHAN PD,, ,,,1,TRAFFIC STOP,,,,,UNDER PROS. REVIEW
2013-08-25,,SPARTANBURG,CHESNEE PD,,,,1,,HOME INVASION,,,,,UNDER PROS. REVIEW
2013-08-30,,SPARTANBURG,SPARTANBURG SO,,,, ,1,ARMED ROBBERY,,,,,UNDER PROS. REVIEW
2013-09-01,,ANDERSON,ANDERSON SO,,,, ,1,BARRICADED SUBJECT,,,,,UNDER PROS. REVIEW
2013-09-14,,HORRY,HORRY CO PD,,,,, ,TRAFFIC STOP,,,,,ACTIVE
2013-09-16,,RICHLAND,RICHLAND CO SO,, ,,,1,TRAFFIC STOP,,,,,ACTIVE
2013-09-17,,FLORENCE,FLORENCE CO SO,,,,1, ,CAR CHASE,,,,,ACTIVE
2013-10-11,,CHESTER,CHESTER CO SO,,,, ,1,CAR CHASE,,,,,ACTIVE
2013-10-13,,CHARLESTON,CHARLESTON CO SO,,1,, ,1,DISTURBANCE CALL,,,,,ACTIVE
2013-10-14,,ANDERSON,ANDERSON SO,, ,, ,1,DOMESTIC,,,,,ACTIVE
2013-10-18,,RICHLAND,RICHLAND CO SO,,,,1,1,BURGLARY,,,,,ACTIVE
2013-10-28,,LEXINGTON,LEXINGTON CO SO,,,,,1,DISTURBANCE CALL,,,,,ACTIVE
2013-11-22,,ORANGEBURG,ORANGEBURG SO,,,,,,BURGLARY SUSPECT,,,,,ACTIVE
2013-12-08,,GREENVILLE,GREENVILLE PD ,, , ,1, ,DRUG COMPLAINT,,,,,ACTIVE
2013-12-18,,DARLINGTON,DARLINGTON CO/SLED,,,,1,,WARRANT SERVICE,,,,,
2013-12-19,,LEE,LEE CO SO,,2,,1,,TRAFFIC STOP,,,,,
2013-12-21,,ORANGEBURG,ORANGEBURG DPS,,,,,,SHOTS FIRED CALL,,,,,
2013-12-20,,ANDERSON,ANDERSON PD,,,,,1,SHOPLIFTING/CAR CHASE,,,,,
2013-12-22,,COLLETON,COLLETON CO SO,,,,1,,CAR CHASE,,,,,
2012-01-11,,KERSHAW,KERSHAW CO SO,, ,,,,CRIMINAL SEXUAL CONDUCT,,,,,CLOSED
2012-01-28,,AIKEN,AIKEN DEPT. PUB. SAFETY,,,1,,,SUSPECIOUS VEHICLE,,,,,OPEN AND ACTIVE
2012-01-28,,HORRY,HORRY CO. POLICE,,,,1,,BARRICATED SUBJECT,,,,,CLOSED
2012-01-30,,CHARLESTON,CHARLESTON CO SO,,,,,,TRAFFIC STOP,,,,,AWAITING COURT
2012-02-04,,MARLBORO,MARLBORO CO SO,,,,,,KIDNAPPING,,,,,CLOSED
2012-02-16,,RICHLAND,RICHLAND CO SO,,,,1,,DRUG WARRANT ,,,,,CLOSED
2012-02-28,,KERSHAW,KERSHAW CO SO,,1,,,1,TRAFFIC STOP/DRUGS,,,,,CLOSED
2012-03-25,,CHARLESTON,NORTH CHARLESTON PD,, , , , ,ATTEMPTED MURDER,,,,,CLOSED
2012-03-25,,CHARLESTON,NORTH CHARLESTON PD,,,,1,,DISTURBANCE CALL,,,,,CLOSED
2012-04-02,,CHARLESTON,CHARLESTON CO SO,,,,1,,TRAFFIC STOP,,,,,CLOSED
2012-04-15,,LAURENS,CLINTON PD,,,,,1,SHOOTING COMPLAINT,,,,,CLOSED
2012-04-18,,GREENVILLE,ANDERSON PD,,,,,,TRAFFIC STOP,,,,,UNDER PROS REVIEW
2012-04-19,,RICHLAND,RICHLAND CO SO,,1,,1,,NARCOTICS/TRAFFIC STOP,,,,,CLOSED
2012-05-17,,AIKEN,AIKEN DEPT. PUB. SAFETY,,,, ,1,DOMESTIC CALL,,,,,CLOSED
2012-05-21,,GREENVILLE,GREENVILLE CO SO,,,,,1,DOMESTIC KIDNAPPING,,,,,CLOSED
2012-06-06,,CHARLESTON,NORTH CHARLESTON PD,,,,,,ARMED ROBBERY,,,,,CLOSED
2012-06-09,,AIKEN,AIKEN DEPT. PUB. SAFETY,,,,,,STOLEN VEHICLE,,,,,ACTIVE
2012-06-16,,CHARLESTON,FOLLY BEACH PD,,,,,,BREAKING & Entering (AUTO),,,,,CLOSED
2012-06-22,,MARION,MULLINS PD,,,,,1,DOMESTIC CALL,,,,,CLOSED
2012-06-29,,BEAUFORT,BEAUFORT CO SO,,,,2,,STOLEN VEHICLE,,,,,UNDER PROS REVIEW
2012-07-05,,RICHLAND,RICHLAND CO SO,,1,,,1,DOMESTIC,,,,,CLOSED
2012-07-14,,SUMTER,SC HIGHWAY PATROL,,,,,1,TRAFFIC STOP,,,,,ACTIVE
2012-08-13,,GREENVILLE,GREENVILLE CO SO,,,,,1,DISTURBANCE CALL,,,,,UNDER PROS REVIEW
2012-08-13,,GREENVILLE,GREENVILLE CO SO,,1,,,1,SEXUAL ASSAULT CALL,,,,,ACTIVE
2012-08-13,,CLARENDON ,CLARENDON CO SO,,,,1,,ASSAULT,,,,,ACTIVE
2012-08-14,,RICHLAND,SC HIGHWAY PATROL,,,,1,,TRAFFIC STOP,,,,,ACTIVE
2012-08-29,,AIKEN,AIKEN DEPT. PUB. SAFETY,,,,,,TRAFFIC STOP,,,,,CLOSED
2012-08-30,,ANDERSON,ANDERSON PD,,,,,1,DOMESTIC,,,,,UNDER PROS REVIEW
2012-09-05,,NEWBERRY,NEWBERRY PD,,1,,,1,DOMESTIC,,,,,CLOSED
2012-09-18,,CHARLESTON,MT. PLEASANT PD,,,,,1,BARRICATED SUBJECT,,,,,ACTIVE
2012-09-21,,CLARENDON ,CLARENDON CO SO,,,,1,,TRAFFIC STOP,,,,,ACTIVE
2012-10-07,,GREENVILLE,GREENVILLE CO SO,,,,1,,DISTURBANCE CALL,,,,,ACTIVE
2012-10-14,,GREENVILLE,GREENVILLE CO SO,,2,,1,,DOMESTIC,,,,,ACTIVE
2012-10-15,,RICHLAND,COLUMBIA PD,,,,1,,MAN WITH A GUN,,,,,ACTIVE
2012-10-17,,ANDERSON,ANDERSON PD,,,,1,,MENTAL PATIENT,,,,,ACTIVE
2012-10-19,,FAIRFIELD,KERSHAW CO SO,,,,1,, NARCOTICS WARRANT,,,,,ACTIVE
2012-10-23,,SPARTANBURG,WOODRUF PD,,,, ,1,TRAFFIC STOP,,,,,ACTIVE
2012-11-02,,RICHLAND,COLUMBIA PD,,,,,1,DOMESTIC,,,,,ACTIVE
2012-11-09,,RICHLAND,RICHLAND CO SO,,,,,1,BANK ROBBERY,,,,,ACTIVE
2012-11-18,,GREENVILLE,GREENVILLE PD,,,, ,1,ASSAULT,,,,,ACTIVE
2012-11-30,,COLLETON,WALTERBORO DPS,,,,,,BANK ROBBERY,,,,,ACTIVE
2012-12-11,,GREENVILLE,GREENVILLE CO SO,,,,1,,DRUG OPERATION,,,,,ACTIVE
2012-12-11,,GREENVILLE,GREENVILLE CO SO,,,,1,,ARMED ROBBERY,,,,,ACTIVE
2012-12-17,,LEE,LEE CO SO,,,,1,,,,,,,
2012-12-21,,KERSHAW,KERSHAW CO SO,,,,,,DRUG WARRANT ,,,,,ACTIVE
2011-01-06,,SPARTANBURG,SPARTANBURG PD,,1,,,1,,,,,,CLOSED
2011-01-31,,LANCASTER,LANCASTER SO,,,,,1,,,,,,CLOSED
2011-02-03,,GREENVILLE,GREENVILLE SO,,,,,,,,,,,CLOSED
2011-02-10,,RICHLAND,COLUMBIA PD,,,,1,,,,,,,CLOSED
2011-02-15,,GREENVILLE,GREENVILLE SO,,1,,1,,,,,,,CLOSED
2011-02-16,,FLORENCE,FLORENCE PD,,,,1,,,,,,,CLOSED
2011-03-02,,SPARTANBURG,GREER PD ,,,,1,,,,,,,CLOSED
2011-03-03,,RICHLAND,RICHLAND SO,,,,1,,,,,,,CLOSED
2011-03-16,,GREENWOOD,GREENWOOD SO,,1,,,1,,,,,,CLOSED
2011-03-18,,LEXINGTON,LEXINGTON SO,,1,, ,1,,,,,,CLOSED
2011-04-13,,CHEROKEE,CHEROKEE SO,,,,1,,,,,,,CLOSED
2011-04-23,,BERKELEY,BERKELEY SO,,,,,1,,,,,,CLOSED
2011-04-27,,RICHLAND,COLUMBIA PD,,1,,,1,,,,,,UNDER PROSECUTORIAL REVIEW
2011-05-02,,ORANGEBURG,EUTAWVILLE PD,,1,,,1,,,,,,CLOSED
2011-05-16,,COLLETON,COTTAGEVILLE PD,,1,,,1,,,,,,UNDER PROSECUTORIAL REVIEW (STONE)
2011-06-21,,CHESTERFIELD,CHESTERFIELD SO,,,,,1,,,,,,CLOSED
2011-07-03,,AIKEN,AIKEN SO,,,,,1,,,,,,CLOSED
2011-07-13,,UNION,UNION SO,,,,,1,,,,,,CLOSED
2011-07-14,,LAURENS,LAURENS SO,,,1,1,,,,,,,UNDER PROSECUTORIAL REVIEW
2011-08-04,,ORANGEBURG,ORANGEBURG SO,,,,,1,,,,,,UNDER PROSECUTORIAL REVIEW (PASCOE)
2011-08-29,,YORK,YORK SO,,,,,1,,,,,,CLOSED
2011-09-03,,RICHLAND,COLUMBIA PD,,,,,1,,,,,,CLOSED
2011-09-14,,YORK,YORK SO,,,,,1,,,,,,CLOSED
2011-09-16,,ORANGEBURG,ORANGEBURG SO,,,,1,,,,,,,UNDER PROSECUTORIAL REVIEW
2011-10-06,,SUMTER,SUMTER PD,,,,1,,,,,,,CLOSED
2011-10-20,,ANDERSON,SCHP/ANDERSON SO,,,,1,,,,,,,CLOSED
2011-10-21,,DARLINGTON,DARLINGTONS SO,,,,,1,,,,,,CLOSED
2011-10-27,,CHARLESTON,N. CHARLESTON PD,,,,,1,,,,,,CLOSED
2011-10-28,,GREENVILLE ,GREENVILLE PD,,,,1,,,,,,,CLOSED
2011-10-28,,GREENVILLE,GREENVILLE SO,,,,1,,,,,,,CLOSED
2011-01-06,,SPARTANBURG,SPARTANBURG SO,,1,,1,,,,,,,CLOSED
2011-11-06,,SPARTANBURG,SPARTANBURG SO,,1,,1,,,,,,,
2011-11-13,,SPARTANBURG,SPARTANBURG SO,,,,,1,,,,,,CLOSED
2011-11-17,,GREENVILLE,GREENVILLE SO,,,,,1,,,,,,CLOSED
2011-11-17,,LANCASTER,LANCASTER SO,,1,,1,,,,,,,CLOSED
2011-12-02,,CHARLESTON,CHARLESTON SO,,,,1,,,,,,,CLOSED
2011-12-15,,ANDERSON,SCHP/ANDERSON SO,,,,1,,,,,,,UNDER PROSECUTORIAL REVIEW
2011-12-20,,AIKEN,AIKEN DPS,,1,1,1,,,,,,,ACTIVE
2011-12-24,,SPARTANBURG,SPARTANBURG SO,,, ,1,,,,,,,CLOSED
2010-01-09,,DORCHESTER,DORCHESTER CO SO,UNIFORMED,,,,1,TRAFFIC STOP,,W,8:00 PM,YES,
2010-01-10,,SPARTANBURG,SPARTANBURG CO SO,UNIFORMED,,,,1,ARMED ROBBERY,,W,10:51 AM,YES,
2010-01-21,,CHARLESTON,CHARLESTON CO SO,UNIFORMED,1,,,,BURGLARY,W,B,12:00 PM,YES,
2010-01-27,,FLORENCE,FLORENCE PD,UNIFORMED,,,1,,TRAFFIC STOP,,B,11:30 PM,YES,
2010-02-03,,YORK,YORK CO SO,UNIFORMED,2,,1,,DRUG OPERATION,B,B,12:00 AM,YES,
2010-02-22,,CHESTERFIELD,CHERAW PD,UNIFORMED,1,,,1,VEHICLE CHASE,B,B,5:15 PM,YES,
2010-02-23,,GREENVILLE,GREENVILLE CO SO,UNIFORMED,,,1,,ARMED ROBBERY,,B,,YES,
2010-03-02,,BERKELEY,BERKELEY COUNTY SO,PC,1,,1,,TRAFFIC STOP,,B,2:00 PM,YES,
2010-03-05,,ANDERSON,ANDERSON CO SO,UNIFORMED,,,1,,STOLEN VEHICLE,,W,,YES,
2010-03-08,,ORANGEBURG,ORANGEBURG CO SO,UNIFORMED,1,,,1,DISTURBANCE,,B,2:00 AM,YES,
2010-05-02,,DORCHESTER,SUMMERVILLE PD,UNIFORMED,,,,,DOMESTIC,,B,4:00 PM,YES,
2010-05-09,,FLORENCE,FLORENCE CO SO,UNIFORMED,,,,1,DOMESTIC,W,B,11:00PM,YES,
2010-05-17,,OCONEE,OCONEE CO SO,UNIFORMED,,,,,TRAFFIC STOP,,W,12:30 PM,YES,
2010-05-17,,DORCHESTER,SUMMERVILLE PD,UNIFORMED,,,,1,ARMED ROBBERY,,B,11:20 AM,YES,
2010-05-28,,FLORENCE,FLORENCE CO SO,UNIFORMED,,,,1,DISTURBANCE,W,B,3:09 AM,YES,
2010-05-28,,BEAUFORT,BEAUFORT PD,UNIFORMED,,,,1,DISTURBANCE,,,10:55 PM,YES,
2010-05-29,,HORRY,SCHP,UNIFORMED,2,,,,TRAFFIC STOP,,B,,YES,
2010-06-15,,ANDERSON,ANDERSON CO SO,UNIFORMED,,,,1,DOMESTIC,,W,8:00 PM,YES,
2010-07-19,,BERKELEY,GOOSE CREEK PD,UNIFORMED,1,,1,,DOMESTIC,W,B,8:00 PM,YES,
2010-08-05,,LEXINGTON,,,,,1,,VEHICLE CHASE,,W,,,
2010-08-12,,GREENWOOD,,,,,,1,unk,,W,,,
2010-09-28,,SUMTER,SUMTER PD,UNIFORMED,,,,1,STOLEN VEHICLE,,B,9:11 AM,YES,
2010-10-15,,DORCHESTER,SUMMERVILLE PD,,,,1,,unk,,B,,,
2010-10-21,,CHARLESTON,MT PLEASANT PD,,,,1,,ARMED SUBJECT,,W,12:15 AM,YES,
2010-10-21,,LAURENS,"SCHP, LAURENS CO SO",UNIFORMED,1,,,1,TRAFFIC STOP,,L,3:15 PM,YES,
2010-10-24,,DORCHESTER,SUMMERVILLE PD,UNIFORMED,,,,1,DISTURBANCE,,B,3:15 AM,YES,
2010-11-05,,GREENVILLE,GREENVILLE CO SO,UNIFORMED,1,,1,,SERVING WARRANT,,W,9:20 PM,YES,
2010-11-11,,DILLON,DILLON CO SO,UNIFORMED,,,1,,ARMED ROBBERY,,W,5:00 PM,YES,
2010-11-13,,DARLINGTON,DARLINGTON CO SO,UNIFORMED,,,1,,DOMESTIC,,W,11:00 PM,YES,
2010-11-13,,YORK,"TEGA CAY PD, YORK CO SO?",UNIFORMED,,,,,DOMESTIC,,W,4:45 PM,YES,
2010-11-13,,BARNWELL,BARNWELL PD,UNIFORMED,,,,1,MENTAL PATIENT,,,9:35 PM,YES,
2010-11-18,,PICKENS,PICKENS CO SO,UNIFORMED,,,1,,DOMESTIC,,W,7:00 PM,YES,
2010-12-21,,ANDERSON,,,,,,1,DOMESTIC,,W,,,
2010-12-30,,LAURENS,LAURENS CO SO,,,,1,,TRAFFIC STOP,,B,,,
2009-01-01,,CHARLESTON,CHARLESTON CO SO,,,,,,,,,,,
2009-01-06,,DILLON,DILLON CO SO,,,,1,,WARRANT SERVICE,,,12:00 PM,,
2009-01-23,,AIKEN,AIKEN CO SO,,1,,,1,WELFARE CHECK,,,4:50 AM,,
2009-02-03,,LEXINGTON,CAYCE PD,,,,,,,,,,,
2009-02-05,,JASPER,RIDGELAND PD,,,,,,,,,,,
2009-02-26,,CHARLESTON,CHARLESTON CO SO,,,,,,,,,,,
2009-03-07,,HORRY,MYRTLE BEACH PD,,1,,,,TRAFFIC STOP,,,,,
2009-03-16,,LEXINGTON,SCHP,,,,,,TRAFFIC STOP,,,,,
2009-04-10,,HAMPTON,HAMPTON CO SO,,1,,,,DOMESTIC,,,,,
2009-04-26,,BERKELEY,BERKELEY CO SO,,,,,,,,,,,
2009-06-03,,AIKEN,NORTH AUGUSTA DPS,,1,,,,TRAFFIC STOP,,,7:15 PM,,
2009-06-04,,YORK,ROCK HILL PD,,,,,1,ARMED ROBBERY,,,,,
2009-06-27,,BARNWELL,WILLISTON DPS,,1,,,,TRAFFIC STOP,,,1:00 AM,,
2009-07-01,,AIKEN,JACKSON PD,,,,,1,BANK ROBBERY,,,1:00 PM,,
2009-07-10,,CHARLESTON,CHARLESTON PD,,,,,1,DOMESTIC,,,,,
2009-07-18,,CHEROKEE,CHEROKEE CO SO,,1,,1,,KIDNAPPING,,,,,
2009-08-12,,CHARLESTON,CHARLESTON PD,,,,1,,VEHICLE CHASE,,,,,
2009-09-09,,RICHLAND,COLUMBIA PD,,,,,,,,,,,
2009-09-16,,LEXINGTON,LEXINGTON CO SO,,,,,,,,,,,
2009-10-03,,CHARLESTON,SUMMERVILLE PD,,,,,1,TRAFFIC STOP,,,,,
2009-10-16,,HORRY,HORRY COUNTY PD,,,,,1,TRANSPORT SUBJECT,,,,,
2009-10-21,,SPARTANBURG,SPARTANBURG CO SO,,,,,1,DISTURBANCE,,,,,
2009-10-31,,GREENVILLE,TRAVELERS REST PD,,,,,,,,,,,
2009-11-16,,MCCORMICK,MCCORMICK CO SO,,1,,,,SHOTS FIRED,,,,,
2009-11-30,,ORANGEBURG,ORANGEBURG CO SO,,,,,,,,,,,
2009-12-16,,CHARLESTON,CHARLESTON CO SO,,,,,,,,,,,
2009-02-08,,Lexington,LEXINGTON CO SO,,1,,,,SUSPICIOUS VEHICLE,,,3:00 AM,,